{
  "last_processed_line": 2500,
  "em_total": 803.0,
  "f1_total": 1045.2962427961793,
  "corrected_em_total": 1117.0,
  "corrected_f1_total": 1203.6320536657363,
  "total": 2495,
  "timestamp": "2025-11-18T14:15:14.774291"
}